{
  "Active_Wiretap": {
    "elm": {
      "best_f1": 0.6164539071029758,
      "best_threshold": -2.8085617123424704,
      "best_recall": 0.9854865876312668,
      "best_fpr": 0.9682112866332663
    },
    "elm_reg": {
      "best_f1": 0.6164431267646693,
      "best_threshold": -2.8085617123424704,
      "best_recall": 0.9854129319822577,
      "best_fpr": 0.9681238765423338
    },
    "conv1d": {
      "best_f1": 0.6198665691935316,
      "best_threshold": -1.3362672534506892,
      "best_recall": 0.9990533082759704,
      "best_fpr": 0.9782816214658413
    },
    "conv2d": {
      "best_f1": 0.6186320861167135,
      "best_threshold": -1.7043408681736345,
      "best_recall": 0.99911613221189,
      "best_fpr": 0.9835331504933478
    },
    "deep_mlp": {
      "best_f1": 0.6189866603643371,
      "best_threshold": -1.6583316663332681,
      "best_recall": 0.9982734249335203,
      "best_fpr": 0.9805525529371955
    },
    "transformer": {
      "best_f1": 0.6168263080222638,
      "best_threshold": -1.7503500700140044,
      "best_recall": 0.9997682013398829,
      "best_fpr": 0.992256850657696
    }
  },
  "ARP_MitM": {
    "elm": {
      "best_f1": 0.7414214381569086,
      "best_threshold": -1.8423684736947408,
      "best_recall": 0.7843680665973384,
      "best_fpr": 0.32755620170924005
    },
    "elm_reg": {
      "best_f1": 0.7479535326268086,
      "best_threshold": -1.9343868773754735,
      "best_recall": 0.7686538819196508,
      "best_fpr": 0.2833032066574927
    },
    "conv1d": {
      "best_f1": 0.8579746670572886,
      "best_threshold": -0.5081016203240658,
      "best_recall": 0.960576143113726,
      "best_fpr": 0.275296269612898
    },
    "conv2d": {
      "best_f1": 0.754115405450974,
      "best_threshold": -0.7381476295259048,
      "best_recall": 0.9505531878481164,
      "best_fpr": 0.5636676603436602
    },
    "deep_mlp": {
      "best_f1": 0.7475560910975516,
      "best_threshold": -0.7841568313662748,
      "best_recall": 0.9812393747855311,
      "best_fpr": 0.6363280255738812
    },
    "transformer": {
      "best_f1": 0.8329959580392977,
      "best_threshold": 0.09001800360071854,
      "best_recall": 0.9309752888181051,
      "best_fpr": 0.30066738855646546
    }
  },
  "Fuzzing": {
    "elm": {
      "best_f1": 0.3740995064667555,
      "best_threshold": -2.670534106821364,
      "best_recall": 1.0,
      "best_fpr": 0.8987256067098809
    },
    "elm_reg": {
      "best_f1": 0.3740910989514732,
      "best_threshold": -2.670534106821364,
      "best_recall": 1.0,
      "best_fpr": 0.8987578776867916
    },
    "conv1d": {
      "best_f1": 0.4125833348856619,
      "best_threshold": -0.7841568313662748,
      "best_recall": 0.9679377424714003,
      "best_fpr": 0.7316600004344171
    },
    "conv2d": {
      "best_f1": 0.39610186312255674,
      "best_threshold": -1.0142028405681138,
      "best_recall": 0.96047903914895,
      "best_fpr": 0.7759848078170237
    },
    "deep_mlp": {
      "best_f1": 0.4025785648591908,
      "best_threshold": -0.9221844368873775,
      "best_recall": 0.9417652726655161,
      "best_fpr": 0.7350856887526338
    },
    "transformer": {
      "best_f1": 0.4071036777875671,
      "best_threshold": -0.6921384276855385,
      "best_recall": 0.9702368161411147,
      "best_fpr": 0.7510387220693144
    }
  },
  "Mirai_Botnet": {
    "elm": {
      "best_f1": 0.9999999995,
      "best_threshold": -30.0,
      "best_recall": 1.0,
      "best_fpr": 1.0
    },
    "elm_reg": {
      "best_f1": 0.9999999995,
      "best_threshold": -30.0,
      "best_recall": 1.0,
      "best_fpr": 1.0
    },
    "conv1d": {
      "best_f1": 0.9999999995,
      "best_threshold": -30.0,
      "best_recall": 1.0,
      "best_fpr": 1.0
    },
    "conv2d": {
      "best_f1": 0.9999999995,
      "best_threshold": -30.0,
      "best_recall": 1.0,
      "best_fpr": 1.0
    },
    "deep_mlp": {
      "best_f1": 0.9999999995,
      "best_threshold": -30.0,
      "best_recall": 1.0,
      "best_fpr": 1.0
    },
    "transformer": {
      "best_f1": 0.9999999995,
      "best_threshold": -30.0,
      "best_recall": 1.0,
      "best_fpr": 1.0
    }
  },
  "OS_Scan": {
    "elm": {
      "best_f1": 0.6578511720770207,
      "best_threshold": 19.827965593118627,
      "best_recall": 0.9859056316590564,
      "best_fpr": 0.04640016758021224
    },
    "elm_reg": {
      "best_f1": 0.6578514406619445,
      "best_threshold": 14.444888977795557,
      "best_recall": 0.9859360730593608,
      "best_fpr": 0.046402960583738405
    },
    "conv1d": {
      "best_f1": 0.6052595189760628,
      "best_threshold": 23.69273854770954,
      "best_recall": 0.9994520547945206,
      "best_fpr": 0.059780050972315014
    },
    "conv2d": {
      "best_f1": 0.6052399931257315,
      "best_threshold": 23.69273854770954,
      "best_recall": 0.9994520547945206,
      "best_fpr": 0.05978493872848581
    },
    "deep_mlp": {
      "best_f1": 0.6052427824557897,
      "best_threshold": 23.646729345869176,
      "best_recall": 0.9994520547945206,
      "best_fpr": 0.059784240477604264
    },
    "transformer": {
      "best_f1": 0.6153142960572998,
      "best_threshold": 23.646729345869176,
      "best_recall": 0.9937747336377474,
      "best_fpr": 0.056718220856754493
    }
  },
  "SSDP_Flood": {
    "elm": {
      "best_f1": 0.993783985759201,
      "best_threshold": -0.6001200240048021,
      "best_recall": 0.9979383204953032,
      "best_fpr": 0.006155078103527476
    },
    "elm_reg": {
      "best_f1": 0.9937945336266125,
      "best_threshold": -0.6461292258451685,
      "best_recall": 0.9979765254726477,
      "best_fpr": 0.0061653338321723825
    },
    "conv1d": {
      "best_f1": 0.9942823695768065,
      "best_threshold": 1.1022204440888181,
      "best_recall": 0.9995832184289697,
      "best_fpr": 0.006543154875450737
    },
    "conv2d": {
      "best_f1": 0.9943849835642026,
      "best_threshold": 0.5501100220044002,
      "best_recall": 0.9997492364214301,
      "best_fpr": 0.00651977181414035
    },
    "deep_mlp": {
      "best_f1": 0.9943863731388394,
      "best_threshold": 0.5501100220044002,
      "best_recall": 0.9997520149652369,
      "best_fpr": 0.00651977181414035
    },
    "transformer": {
      "best_f1": 0.994306497830657,
      "best_threshold": 1.1022204440888181,
      "best_recall": 0.9995978057839557,
      "best_fpr": 0.00652305364730672
    }
  },
  "SSL_Renegotiation": {
    "elm": {
      "best_f1": 0.5757959142281517,
      "best_threshold": 10.258051610322063,
      "best_recall": 0.6606728475677579,
      "best_fpr": 0.030682237734338095
    },
    "elm_reg": {
      "best_f1": 0.5757959142281517,
      "best_threshold": 18.309661932386476,
      "best_recall": 0.6606728475677579,
      "best_fpr": 0.030682237734338095
    },
    "conv1d": {
      "best_f1": 0.285861533305012,
      "best_threshold": 4.3228645729145825,
      "best_recall": 0.9399143020582623,
      "best_fpr": 0.2243118377330847
    },
    "conv2d": {
      "best_f1": 0.285861533305012,
      "best_threshold": 4.2768553710742125,
      "best_recall": 0.9399143020582623,
      "best_fpr": 0.2243118377330847
    },
    "deep_mlp": {
      "best_f1": 0.285861533305012,
      "best_threshold": 3.8627725545109044,
      "best_recall": 0.9399143020582623,
      "best_fpr": 0.2243118377330847
    },
    "transformer": {
      "best_f1": 0.285861533305012,
      "best_threshold": 3.034606921384274,
      "best_recall": 0.9399143020582623,
      "best_fpr": 0.2243118377330847
    }
  },
  "SYN_DoS": {
    "elm": {
      "best_f1": 0.11533101466648936,
      "best_threshold": -0.6921384276855385,
      "best_recall": 0.6526929089100962,
      "best_fpr": 0.026526008896210485
    },
    "elm_reg": {
      "best_f1": 0.11535418717330076,
      "best_threshold": -0.6921384276855385,
      "best_recall": 0.6526929089100962,
      "best_fpr": 0.026519769225789875
    },
    "conv1d": {
      "best_f1": 0.0408034753582408,